{
    "Collection": {
        "Discovery": 33.340898774398546,
        "Collection": 24.182932364956876,
        "Defense Evasion": 11.995006808896958,
        "Command and Control": 10.111211983658647,
        "Execution": 4.777576032682705,
        "Exfiltration": 4.52791647753064,
        "Impact": 3.2455742169768502,
        "Privilege Escalation": 2.519291874716296,
        "Persistence": 1.8157058556513845,
        "Credential Access": 1.8157058556513845,
        "Lateral Movement": 1.112119836586473,
        "Initial Access": 0.5560599182932365
    },
    "Discovery": {
        "Discovery": 39.31711773438392,
        "Defense Evasion": 14.105287198812377,
        "Collection": 13.420121046020327,
        "Command and Control": 10.939819572913098,
        "Execution": 6.504510677172548,
        "Impact": 3.955692588786114,
        "Exfiltration": 3.667922804613452,
        "Privilege Escalation": 2.653876898481215,
        "Persistence": 1.8636519355943817,
        "Lateral Movement": 1.5073655361425145,
        "Credential Access": 1.4662555669749915,
        "Initial Access": 0.5983784401050588
    },
    "Defense Evasion": {
        "Discovery": 32.40293809024134,
        "Defense Evasion": 18.67261280167891,
        "Command and Control": 11.836306400839455,
        "Collection": 11.091290661070305,
        "Execution": 7.250786988457502,
        "Impact": 4.963273871983211,
        "Privilege Escalation": 3.5362014690451207,
        "Exfiltration": 3.4522560335781742,
        "Persistence": 2.8541448058761807,
        "Lateral Movement": 1.7208814270724029,
        "Credential Access": 1.584470094438615,
        "Initial Access": 0.6348373557187827
    },
    "Execution": {
        "Discovery": 34.197886647454375,
        "Defense Evasion": 16.59462055715658,
        "Command and Control": 10.830931796349663,
        "Collection": 10.1104707012488,
        "Execution": 9.065802113352547,
        "Impact": 5.307396733909702,
        "Exfiltration": 3.6983669548511044,
        "Privilege Escalation": 3.025936599423631,
        "Lateral Movement": 2.6416906820365034,
        "Persistence": 2.49759846301633,
        "Credential Access": 1.4649375600384247,
        "Initial Access": 0.5643611911623438
    },
    "Exfiltration": {
        "Discovery": 34.15567843470863,
        "Collection": 16.9715014887282,
        "Defense Evasion": 13.994045087196938,
        "Command and Control": 11.782220331773713,
        "Exfiltration": 6.869417269247129,
        "Execution": 6.55040408336878,
        "Privilege Escalation": 2.4245002126754573,
        "Persistence": 2.041684389621438,
        "Credential Access": 1.9140791152700978,
        "Impact": 1.871544023819651,
        "Lateral Movement": 1.020842194810719,
        "Initial Access": 0.4040833687792429
    },
    "Command and Control": {
        "Discovery": 34.35415620741591,
        "Defense Evasion": 16.18016208850319,
        "Command and Control": 14.68837409452772,
        "Collection": 12.780606756078319,
        "Execution": 6.469196012335939,
        "Exfiltration": 3.973319945492362,
        "Privilege Escalation": 2.9548877572975685,
        "Impact": 2.9261995266441945,
        "Persistence": 2.3811231442300795,
        "Lateral Movement": 1.4057233020153481,
        "Credential Access": 1.2192498027684142,
        "Initial Access": 0.667001362690956
    },
    "Persistence": {
        "Discovery": 26.314092228313445,
        "Defense Evasion": 17.542728152208966,
        "Command and Control": 10.70622379877459,
        "Collection": 10.319251854240568,
        "Persistence": 7.481457594324412,
        "Execution": 6.7075137052563685,
        "Impact": 5.933569816188326,
        "Privilege Escalation": 5.417607223476298,
        "Exfiltration": 3.0957755562721703,
        "Lateral Movement": 2.837794259916156,
        "Credential Access": 2.2573363431151243,
        "Initial Access": 1.3866494679135764
    },
    "Credential Access": {
        "Discovery": 31.28654970760234,
        "Collection": 15.594541910331383,
        "Defense Evasion": 14.717348927875243,
        "Command and Control": 8.284600389863547,
        "Credential Access": 6.286549707602338,
        "Execution": 5.9454191033138395,
        "Exfiltration": 4.385964912280701,
        "Impact": 3.7037037037037033,
        "Privilege Escalation": 3.508771929824561,
        "Persistence": 3.41130604288499,
        "Lateral Movement": 2.3391812865497075,
        "Initial Access": 0.5360623781676412
    },
    "Impact": {
        "Discovery": 28.44940867279895,
        "Impact": 20.515768725361365,
        "Defense Evasion": 15.538764783180026,
        "Collection": 9.395532194480946,
        "Execution": 7.26018396846255,
        "Command and Control": 6.701708278580814,
        "Persistence": 3.0223390275952693,
        "Lateral Movement": 2.956636005256242,
        "Privilege Escalation": 2.5295663600525624,
        "Exfiltration": 1.445466491458607,
        "Credential Access": 1.2483574244415243,
        "Initial Access": 0.9362680683311432
    },
    "Privilege Escalation": {
        "Discovery": 30.659630606860162,
        "Defense Evasion": 17.783641160949866,
        "Collection": 11.71503957783641,
        "Command and Control": 10.870712401055409,
        "Execution": 6.649076517150395,
        "Privilege Escalation": 6.200527704485488,
        "Persistence": 4.432717678100264,
        "Impact": 4.063324538258575,
        "Exfiltration": 3.007915567282322,
        "Credential Access": 1.8997361477572559,
        "Lateral Movement": 1.7414248021108178,
        "Initial Access": 0.9762532981530342
    },
    "Lateral Movement": {
        "Discovery": 28.633405639913235,
        "Defense Evasion": 14.22993492407809,
        "Lateral Movement": 10.195227765726681,
        "Execution": 9.544468546637743,
        "Collection": 8.503253796095445,
        "Command and Control": 8.503253796095445,
        "Impact": 7.809110629067245,
        "Persistence": 3.8177874186550977,
        "Privilege Escalation": 2.863340563991323,
        "Exfiltration": 2.0824295010845986,
        "Credential Access": 2.0824295010845986,
        "Initial Access": 1.735357917570499
    },
    "Initial Access": {
        "Discovery": 31.153388822829964,
        "Defense Evasion": 14.387633769322235,
        "Collection": 11.652794292508919,
        "Command and Control": 11.058263971462544,
        "Impact": 6.777645659928656,
        "Execution": 5.58858501783591,
        "Persistence": 5.112960760998811,
        "Lateral Movement": 4.756242568370987,
        "Privilege Escalation": 4.399524375743162,
        "Exfiltration": 2.2592152199762188,
        "Initial Access": 1.5457788347205708,
        "Credential Access": 1.3079667063020213
    }
}