{
    "Execution": {
        "Discovery": 32.64347992718214,
        "Defense Evasion": 27.565392354124747,
        "Execution": 16.613969531474563,
        "Persistence": 12.767078662450896,
        "Command and Control": 5.830219411708345,
        "Collection": 3.3151288684487876,
        "Impact": 0.7138066494203315,
        "Credential Access": 0.512599405959567,
        "Lateral Movement": 0.0335345405767941,
        "Privilege Escalation": 0.004790648653827728
    },
    "Discovery": {
        "Discovery": 34.68330282797556,
        "Defense Evasion": 33.31442860457322,
        "Command and Control": 9.899203423474518,
        "Execution": 8.782965120775438,
        "Persistence": 5.982057693794952,
        "Collection": 5.634038823438427,
        "Impact": 1.0221443118249078,
        "Credential Access": 0.4975380887319224,
        "Lateral Movement": 0.1340517130262174,
        "Privilege Escalation": 0.05026939238483154
    },
    "Defense Evasion": {
        "Defense Evasion": 35.23399541827153,
        "Discovery": 32.532789567756716,
        "Command and Control": 12.830098431639101,
        "Execution": 7.242655388565818,
        "Persistence": 5.774991818342019,
        "Collection": 4.639629433829268,
        "Impact": 0.954107192306724,
        "Credential Access": 0.5601288925811243,
        "Lateral Movement": 0.17747904236840117,
        "Privilege Escalation": 0.0528660977267578,
        "Initial Access": 0.0012587166125418523
    },
    "Command and Control": {
        "Defense Evasion": 35.262575243894,
        "Discovery": 26.568878433543208,
        "Command and Control": 24.832214765100673,
        "Persistence": 4.310523766692036,
        "Execution": 4.210198574690375,
        "Collection": 3.3972185705389886,
        "Impact": 0.7610876634608732,
        "Credential Access": 0.4013007680066422,
        "Lateral Movement": 0.16951497958901265,
        "Privilege Escalation": 0.08648723448419014
    },
    "Persistence": {
        "Discovery": 28.836833602584814,
        "Defense Evasion": 28.507518329812353,
        "Execution": 16.558966074313407,
        "Persistence": 13.2098918851746,
        "Command and Control": 7.742015658009197,
        "Collection": 3.0197589163663476,
        "Impact": 1.2489126382502795,
        "Credential Access": 0.7704734683733068,
        "Lateral Movement": 0.08077544426494346,
        "Privilege Escalation": 0.024853982850751834
    },
    "Collection": {
        "Discovery": 38.00539083557952,
        "Defense Evasion": 32.04938700982523,
        "Command and Control": 8.538387966263803,
        "Collection": 7.94713503173637,
        "Execution": 6.016868098426223,
        "Persistence": 4.225719502651943,
        "Impact": 1.6607251543344057,
        "Credential Access": 1.3824884792626728,
        "Lateral Movement": 0.15650812972784975,
        "Privilege Escalation": 0.017389792191983305
    },
    "Impact": {
        "Discovery": 31.669329073482427,
        "Defense Evasion": 30.27156549520767,
        "Command and Control": 8.78594249201278,
        "Persistence": 8.027156549520766,
        "Collection": 7.62779552715655,
        "Execution": 5.9504792332268375,
        "Impact": 4.15335463258786,
        "Credential Access": 3.035143769968051,
        "Lateral Movement": 0.4792332268370607
    },
    "Credential Access": {
        "Defense Evasion": 28.952504879635654,
        "Discovery": 25.113858165256993,
        "Collection": 10.344827586206897,
        "Persistence": 8.067664281067014,
        "Credential Access": 7.937540663630449,
        "Command and Control": 7.547169811320755,
        "Execution": 6.961613532856213,
        "Impact": 4.94469746258946,
        "Lateral Movement": 0.13012361743656475
    },
    "Lateral Movement": {
        "Defense Evasion": 40.51724137931034,
        "Discovery": 29.88505747126437,
        "Command and Control": 14.080459770114942,
        "Collection": 5.172413793103448,
        "Persistence": 3.7356321839080464,
        "Impact": 3.4482758620689653,
        "Execution": 2.0114942528735633,
        "Credential Access": 0.5747126436781609,
        "Lateral Movement": 0.5747126436781609
    },
    "Privilege Escalation": {
        "Defense Evasion": 37.16814159292036,
        "Discovery": 34.51327433628318,
        "Command and Control": 22.123893805309734,
        "Persistence": 3.5398230088495577,
        "Collection": 1.7699115044247788,
        "Execution": 0.8849557522123894
    },
    "Initial Access": {
        "Defense Evasion": 100.0
    }
}